USE [master]
GO
/****** Object:  Database [PruebaDB]    Script Date: 26/06/2021 9:18:05 a. m. ******/
CREATE DATABASE [PruebaDB]
 CONTAINMENT = NONE
 ON  PRIMARY 
( NAME = N'PruebaDB', FILENAME = N'C:\Program Files\Microsoft SQL Server\MSSQL15.MSSQLSERVER\MSSQL\DATA\PruebaDB.mdf' , SIZE = 8192KB , MAXSIZE = UNLIMITED, FILEGROWTH = 65536KB )
 LOG ON 
( NAME = N'PruebaDB_log', FILENAME = N'C:\Program Files\Microsoft SQL Server\MSSQL15.MSSQLSERVER\MSSQL\DATA\PruebaDB_log.ldf' , SIZE = 8192KB , MAXSIZE = 2048GB , FILEGROWTH = 65536KB )
 WITH CATALOG_COLLATION = DATABASE_DEFAULT
GO
ALTER DATABASE [PruebaDB] SET COMPATIBILITY_LEVEL = 150
GO
IF (1 = FULLTEXTSERVICEPROPERTY('IsFullTextInstalled'))
begin
EXEC [PruebaDB].[dbo].[sp_fulltext_database] @action = 'enable'
end
GO
ALTER DATABASE [PruebaDB] SET ANSI_NULL_DEFAULT OFF 
GO
ALTER DATABASE [PruebaDB] SET ANSI_NULLS OFF 
GO
ALTER DATABASE [PruebaDB] SET ANSI_PADDING OFF 
GO
ALTER DATABASE [PruebaDB] SET ANSI_WARNINGS OFF 
GO
ALTER DATABASE [PruebaDB] SET ARITHABORT OFF 
GO
ALTER DATABASE [PruebaDB] SET AUTO_CLOSE OFF 
GO
ALTER DATABASE [PruebaDB] SET AUTO_SHRINK OFF 
GO
ALTER DATABASE [PruebaDB] SET AUTO_UPDATE_STATISTICS ON 
GO
ALTER DATABASE [PruebaDB] SET CURSOR_CLOSE_ON_COMMIT OFF 
GO
ALTER DATABASE [PruebaDB] SET CURSOR_DEFAULT  GLOBAL 
GO
ALTER DATABASE [PruebaDB] SET CONCAT_NULL_YIELDS_NULL OFF 
GO
ALTER DATABASE [PruebaDB] SET NUMERIC_ROUNDABORT OFF 
GO
ALTER DATABASE [PruebaDB] SET QUOTED_IDENTIFIER OFF 
GO
ALTER DATABASE [PruebaDB] SET RECURSIVE_TRIGGERS OFF 
GO
ALTER DATABASE [PruebaDB] SET  ENABLE_BROKER 
GO
ALTER DATABASE [PruebaDB] SET AUTO_UPDATE_STATISTICS_ASYNC OFF 
GO
ALTER DATABASE [PruebaDB] SET DATE_CORRELATION_OPTIMIZATION OFF 
GO
ALTER DATABASE [PruebaDB] SET TRUSTWORTHY OFF 
GO
ALTER DATABASE [PruebaDB] SET ALLOW_SNAPSHOT_ISOLATION OFF 
GO
ALTER DATABASE [PruebaDB] SET PARAMETERIZATION SIMPLE 
GO
ALTER DATABASE [PruebaDB] SET READ_COMMITTED_SNAPSHOT OFF 
GO
ALTER DATABASE [PruebaDB] SET HONOR_BROKER_PRIORITY OFF 
GO
ALTER DATABASE [PruebaDB] SET RECOVERY FULL 
GO
ALTER DATABASE [PruebaDB] SET  MULTI_USER 
GO
ALTER DATABASE [PruebaDB] SET PAGE_VERIFY CHECKSUM  
GO
ALTER DATABASE [PruebaDB] SET DB_CHAINING OFF 
GO
ALTER DATABASE [PruebaDB] SET FILESTREAM( NON_TRANSACTED_ACCESS = OFF ) 
GO
ALTER DATABASE [PruebaDB] SET TARGET_RECOVERY_TIME = 60 SECONDS 
GO
ALTER DATABASE [PruebaDB] SET DELAYED_DURABILITY = DISABLED 
GO
ALTER DATABASE [PruebaDB] SET ACCELERATED_DATABASE_RECOVERY = OFF  
GO
EXEC sys.sp_db_vardecimal_storage_format N'PruebaDB', N'ON'
GO
ALTER DATABASE [PruebaDB] SET QUERY_STORE = OFF
GO
USE [PruebaDB]
GO
/****** Object:  Table [dbo].[CLIENTES]    Script Date: 26/06/2021 9:18:05 a. m. ******/
SET ANSI_NULLS ON
GO
SET QUOTED_IDENTIFIER ON
GO
CREATE TABLE [dbo].[CLIENTES](
	[NUME_DOC] [int] NOT NULL,
	[NOMBRE] [varchar](200) NOT NULL,
	[DIRECCION] [varchar](200) NOT NULL,
PRIMARY KEY CLUSTERED 
(
	[NUME_DOC] ASC
)WITH (PAD_INDEX = OFF, STATISTICS_NORECOMPUTE = OFF, IGNORE_DUP_KEY = OFF, ALLOW_ROW_LOCKS = ON, ALLOW_PAGE_LOCKS = ON, OPTIMIZE_FOR_SEQUENTIAL_KEY = OFF) ON [PRIMARY]
) ON [PRIMARY]
GO
/****** Object:  Table [dbo].[ESTADOS_FACTURA]    Script Date: 26/06/2021 9:18:05 a. m. ******/
SET ANSI_NULLS ON
GO
SET QUOTED_IDENTIFIER ON
GO
CREATE TABLE [dbo].[ESTADOS_FACTURA](
	[CODI_ESTADO] [int] NOT NULL,
	[DESCRIPCION] [varchar](20) NULL,
PRIMARY KEY CLUSTERED 
(
	[CODI_ESTADO] ASC
)WITH (PAD_INDEX = OFF, STATISTICS_NORECOMPUTE = OFF, IGNORE_DUP_KEY = OFF, ALLOW_ROW_LOCKS = ON, ALLOW_PAGE_LOCKS = ON, OPTIMIZE_FOR_SEQUENTIAL_KEY = OFF) ON [PRIMARY]
) ON [PRIMARY]
GO
/****** Object:  Table [dbo].[FACTURA]    Script Date: 26/06/2021 9:18:05 a. m. ******/
SET ANSI_NULLS ON
GO
SET QUOTED_IDENTIFIER ON
GO
CREATE TABLE [dbo].[FACTURA](
	[ID_FACTURA] [int] IDENTITY(1,1) NOT NULL,
	[NUME_DOC] [int] NOT NULL,
	[CODI_ESTADO] [int] NOT NULL,
	[VALOR_FAC] [int] NOT NULL,
	[FECHA_FAC] [datetime] NULL,
PRIMARY KEY CLUSTERED 
(
	[ID_FACTURA] ASC
)WITH (PAD_INDEX = OFF, STATISTICS_NORECOMPUTE = OFF, IGNORE_DUP_KEY = OFF, ALLOW_ROW_LOCKS = ON, ALLOW_PAGE_LOCKS = ON, OPTIMIZE_FOR_SEQUENTIAL_KEY = OFF) ON [PRIMARY]
) ON [PRIMARY]
GO
INSERT [dbo].[CLIENTES] ([NUME_DOC], [NOMBRE], [DIRECCION]) VALUES (123, N'STEVE JOBS', N'dirección1')
GO
INSERT [dbo].[CLIENTES] ([NUME_DOC], [NOMBRE], [DIRECCION]) VALUES (124, N'LINUS TORVALDS', N'direccion2')
GO
INSERT [dbo].[CLIENTES] ([NUME_DOC], [NOMBRE], [DIRECCION]) VALUES (125, N'JON DOE', N'direccion3')
GO
INSERT [dbo].[CLIENTES] ([NUME_DOC], [NOMBRE], [DIRECCION]) VALUES (126, N'BILL GATES', N'direccion4')
GO
INSERT [dbo].[ESTADOS_FACTURA] ([CODI_ESTADO], [DESCRIPCION]) VALUES (1, N'VIGENTE')
GO
INSERT [dbo].[ESTADOS_FACTURA] ([CODI_ESTADO], [DESCRIPCION]) VALUES (2, N'PAGADA')
GO
INSERT [dbo].[ESTADOS_FACTURA] ([CODI_ESTADO], [DESCRIPCION]) VALUES (3, N'VENCIDA')
GO
SET IDENTITY_INSERT [dbo].[FACTURA] ON 
GO
INSERT [dbo].[FACTURA] ([ID_FACTURA], [NUME_DOC], [CODI_ESTADO], [VALOR_FAC], [FECHA_FAC]) VALUES (9, 123, 1, 300000, CAST(N'2020-12-28T00:00:00.000' AS DateTime))
GO
INSERT [dbo].[FACTURA] ([ID_FACTURA], [NUME_DOC], [CODI_ESTADO], [VALOR_FAC], [FECHA_FAC]) VALUES (10, 123, 2, 200000, CAST(N'2020-12-28T00:00:00.000' AS DateTime))
GO
INSERT [dbo].[FACTURA] ([ID_FACTURA], [NUME_DOC], [CODI_ESTADO], [VALOR_FAC], [FECHA_FAC]) VALUES (11, 123, 3, 500000, CAST(N'2020-12-28T00:00:00.000' AS DateTime))
GO
INSERT [dbo].[FACTURA] ([ID_FACTURA], [NUME_DOC], [CODI_ESTADO], [VALOR_FAC], [FECHA_FAC]) VALUES (12, 124, 1, 300000, CAST(N'2021-01-01T00:00:00.000' AS DateTime))
GO
INSERT [dbo].[FACTURA] ([ID_FACTURA], [NUME_DOC], [CODI_ESTADO], [VALOR_FAC], [FECHA_FAC]) VALUES (13, 124, 2, 200000, CAST(N'2021-01-01T00:00:00.000' AS DateTime))
GO
INSERT [dbo].[FACTURA] ([ID_FACTURA], [NUME_DOC], [CODI_ESTADO], [VALOR_FAC], [FECHA_FAC]) VALUES (14, 124, 3, 500000, CAST(N'2021-01-01T00:00:00.000' AS DateTime))
GO
INSERT [dbo].[FACTURA] ([ID_FACTURA], [NUME_DOC], [CODI_ESTADO], [VALOR_FAC], [FECHA_FAC]) VALUES (15, 125, 3, 1000000, CAST(N'2021-01-01T00:00:00.000' AS DateTime))
GO
INSERT [dbo].[FACTURA] ([ID_FACTURA], [NUME_DOC], [CODI_ESTADO], [VALOR_FAC], [FECHA_FAC]) VALUES (16, 126, 2, 200000, CAST(N'2021-01-01T00:00:00.000' AS DateTime))
GO
SET IDENTITY_INSERT [dbo].[FACTURA] OFF
GO
ALTER TABLE [dbo].[FACTURA]  WITH CHECK ADD FOREIGN KEY([CODI_ESTADO])
REFERENCES [dbo].[ESTADOS_FACTURA] ([CODI_ESTADO])
GO
ALTER TABLE [dbo].[FACTURA]  WITH CHECK ADD FOREIGN KEY([NUME_DOC])
REFERENCES [dbo].[CLIENTES] ([NUME_DOC])
GO
USE [master]
GO
ALTER DATABASE [PruebaDB] SET  READ_WRITE 
GO
